Date,Name,Open,High,Low,Close,Adj_Close,30-day_arithmetic_returns,Volatility
2021-03-31,AAPL,121.6500015,123.5199966,121.1500015,122.1500015,120.5304184,-0.002056781,0.001710542
2021-04-01,AAPL,123.6600037,124.1800003,122.4899979,123.0,121.3691559,-0.001536947,0.001655247
2021-04-05,AAPL,123.8700027,126.1600037,123.0699997,125.9000015,124.2307053,-0.000792158,0.001539517
2021-04-06,AAPL,126.5,127.1299973,125.6500015,126.2099991,124.5365982,0.00028322,0.001608752
2021-04-07,AAPL,125.8300018,127.9199982,125.1399994,127.9000015,126.2041931,0.000766602,0.001714789
2021-04-08,AAPL,128.9499969,130.3899994,128.5200043,130.3600006,128.631546,0.001542791,0.001848034
2021-04-09,AAPL,129.8000031,133.0399933,129.4700012,133.0,131.236557,0.003377268,0.002141741
2021-04-12,AAPL,132.5200043,132.8500061,130.6300049,131.2400055,129.4998932,0.002861783,0.002347399
2021-04-13,AAPL,132.4400024,134.6600037,131.9299927,134.4299927,132.647583,0.001876957,0.002432966
2021-04-14,AAPL,134.9400024,135.0,131.6600037,132.0299988,130.2794189,0.001978308,0.002525926
2021-04-15,AAPL,133.8200073,135.0,133.6399994,134.5,132.7166748,0.003417128,0.002715976
2021-04-16,AAPL,134.3000031,134.6699982,133.2799988,134.1600037,132.3811798,0.003859928,0.002906923
2021-04-19,AAPL,133.5099945,135.4700012,133.3399963,134.8399963,133.0521545,0.003670932,0.003039983
2021-04-20,AAPL,135.0200043,135.5299988,131.8099976,133.1100006,131.3451233,0.004632389,0.003128701
2021-04-21,AAPL,132.3600006,133.75,131.3000031,133.5,131.72995,0.00337506,0.003132734
2021-04-22,AAPL,133.0399933,134.1499939,131.4100037,131.9400024,130.1906281,0.0032911,0.003086209
2021-04-23,AAPL,132.1600037,135.1199951,132.1600037,134.3200073,132.539093,0.0033423,0.003056347
2021-04-26,AAPL,134.8300018,135.0599976,133.5599976,134.7200012,132.9337616,0.003695741,0.003060098
2021-04-27,AAPL,135.0099945,135.4100037,134.1100006,134.3899994,132.608139,0.002798868,0.003082053
2021-04-28,AAPL,134.3099976,135.0200043,133.0800018,133.5800018,131.8088684,0.002173192,0.003077544
2021-04-29,AAPL,136.4700012,137.0700073,132.4499969,133.4799957,131.7102051,0.002363259,0.003058211
2021-04-30,AAPL,131.7799988,133.5599976,131.0700073,131.4600067,129.71698,0.002988981,0.003010872
2021-05-03,AAPL,132.0399933,134.0700073,131.8300018,132.5399933,130.7826385,0.003412162,0.002904351
2021-05-04,AAPL,131.1900024,131.4900055,126.6999969,127.8499985,126.1548386,0.001288125,0.002799418
2021-05-05,AAPL,129.1999969,130.4499969,127.9700012,128.1000061,126.4015503,0.001582939,0.002667029
2021-05-06,AAPL,127.8899994,129.75,127.1299973,129.7400055,128.0197906,0.002676132,0.002495434
2021-05-07,AAPL,130.8500061,131.2599945,129.4799957,130.2100067,128.7018127,0.00271493,0.002313659
2021-05-10,AAPL,129.4100037,129.5399933,126.8099976,126.8499985,125.3807068,0.001683398,0.002108984
2021-05-11,AAPL,123.5,126.2699966,122.7699966,125.9100037,124.4516068,0.001386885,0.001867904
2021-05-12,AAPL,123.4000015,124.6399994,122.25,122.7699966,121.3479767,0.000964756,0.001597985
2021-05-13,AAPL,124.5800018,126.1500015,124.2600021,124.9700012,123.5224915,0.000936558,0.001410621
2021-05-14,AAPL,126.25,127.8899994,125.8499985,127.4499969,125.9737549,0.00136609,0.001232279
2021-05-17,AAPL,126.8199997,126.9300003,125.1699982,126.2699966,124.8074341,0.000271567,0.001152444
2021-05-18,AAPL,126.5599976,126.9899979,124.7799988,124.8499985,123.4038849,-0.000185366,0.001184197
2021-05-19,AAPL,123.1600037,124.9199982,122.8600006,124.6900024,123.2457352,-0.000674432,0.001275779
2021-05-20,AAPL,125.2300034,127.7200012,125.0999985,127.3099976,125.8353882,-0.000615146,0.001376186
2021-05-21,AAPL,127.8199997,128.0,125.2099991,125.4300003,123.9771729,-0.001782438,0.001538979
2021-05-24,AAPL,126.0100021,127.9400024,125.9400024,127.0999985,125.6278229,-0.000897531,0.001621047
2021-05-25,AAPL,127.8199997,128.3200073,126.3199997,126.9000015,125.4301376,-0.0017602,0.001754848
2021-05-26,AAPL,126.9599991,127.3899994,126.4199982,126.8499985,125.3807068,-0.001178235,0.001836431
2021-05-27,AAPL,126.4400024,127.6399994,125.0800018,125.2799988,123.8288879,-0.002214394,0.001939101
2021-05-28,AAPL,125.5699997,125.8000031,124.5500031,124.6100006,123.1666641,-0.002308393,0.0020067
2021-06-01,AAPL,125.0800018,125.3499985,123.9400024,124.2799988,122.840477,-0.002565621,0.002074504
2021-06-02,AAPL,124.2799988,125.2399979,124.0500031,125.0599976,123.6114502,-0.001928755,0.002033854
2021-06-03,AAPL,124.6800003,124.8499985,123.1299973,123.5400009,122.1090546,-0.002431557,0.002063648
2021-06-04,AAPL,124.0699997,126.1600037,123.8499985,125.8899994,124.431839,-0.001407969,0.002036772
2021-06-07,AAPL,126.1699982,126.3199997,124.8300018,125.9000015,124.4417114,-0.002006613,0.002015489
2021-06-08,AAPL,126.5999985,128.4600067,126.2099991,126.7399979,125.2719879,-0.001883471,0.001952042
2021-06-09,AAPL,127.2099991,127.75,126.5199966,127.1299973,125.6574707,-0.001699248,0.001914667
2021-06-10,AAPL,127.0199966,128.1900024,125.9400024,126.1100006,124.6492844,-0.001765781,0.001896107
2021-06-11,AAPL,126.5299988,127.4400024,126.0999985,127.3499985,125.8749237,-0.001413073,0.001850201
2021-06-14,AAPL,127.8199997,130.5399933,127.0699997,130.4799957,128.9686737,-8.94e-05,0.001746959
2021-06-15,AAPL,129.9400024,130.6000061,129.3899994,129.6399994,128.1384125,-0.000577792,0.001595955
2021-06-16,AAPL,130.3699951,130.8899994,128.4600067,130.1499939,128.6424866,0.00073285,0.001577813
2021-06-17,AAPL,129.8000031,132.5500031,129.6499939,131.7899933,130.263504,0.001087694,0.001557707
2021-06-18,AAPL,130.7100067,131.5099945,130.2400055,130.4600067,128.9488983,0.000324552,0.001446593
2021-06-21,AAPL,130.3000031,132.4100037,129.2100067,132.3000031,130.7675934,0.000617102,0.0013267
2021-06-22,AAPL,132.1300049,134.0800018,131.6199951,133.9799957,132.4281311,0.001900537,0.001340487
2021-06-23,AAPL,133.7700043,134.3200073,133.2299957,133.6999969,132.1513824,0.002077885,0.001382158
2021-06-24,AAPL,134.4499969,134.6399994,132.9299927,133.4100037,131.8647308,0.002836863,0.001494648
2021-06-25,AAPL,133.4600067,133.8899994,132.8099976,133.1100006,131.568222,0.002164588,0.00155313
2021-06-28,AAPL,133.4100037,135.25,133.3500061,134.7799988,133.2188721,0.001921297,0.001579628
2021-06-29,AAPL,134.8000031,136.4900055,134.3500061,136.3300018,134.7509308,0.002613256,0.001674824
2021-06-30,AAPL,136.1699982,137.4100037,135.8699951,136.9600067,135.3736115,0.003142146,0.001797735
2021-07-01,AAPL,136.6000061,137.3300018,135.7599945,137.2700043,135.6800232,0.003260313,0.001911383
2021-07-02,AAPL,137.8999939,140.0,137.75,139.9600067,138.3388519,0.00321312,0.002007722
2021-07-06,AAPL,140.0700073,143.1499939,140.0700073,142.0200043,140.375,0.004195973,0.00212489
2021-07-07,AAPL,143.5399933,144.8899994,142.6600037,144.5700073,142.895462,0.004350675,0.002249588
2021-07-08,AAPL,141.5800018,144.0599976,140.6699982,143.2400055,141.5808716,0.004096472,0.002317123
2021-07-09,AAPL,142.75,145.6499939,142.6499939,145.1100006,143.4292297,0.004544779,0.002407817
2021-07-12,AAPL,146.2100067,146.3200073,144.0,144.5,142.8262787,0.004817214,0.002456792
2021-07-13,AAPL,144.0299988,147.4600067,143.6300049,145.6399994,143.9530792,0.005258454,0.002501167
2021-07-14,AAPL,148.1000061,149.5700073,147.6799927,149.1499939,147.4224091,0.006150079,0.002556715
2021-07-15,AAPL,149.2400055,150.0,147.0899963,148.4799957,146.7601776,0.005791137,0.002591098
2021-07-16,AAPL,148.4600067,149.7599945,145.8800049,146.3899994,144.6943665,0.005727072,0.00256758
2021-07-19,AAPL,143.75,144.0700073,141.6699982,142.4499969,140.8000031,0.004195852,0.002514437
2021-07-20,AAPL,143.4600067,147.1000061,142.9600067,146.1499939,144.4571381,0.005059006,0.002437914
2021-07-21,AAPL,145.5299988,146.1300049,144.6300049,145.3999939,143.7158661,0.004665558,0.002329944
2021-07-22,AAPL,145.9400024,148.1999969,145.8099976,146.8000031,145.0996246,0.004883933,0.002214314
2021-07-23,AAPL,147.5500031,148.7200012,146.9199982,148.5599976,146.8392487,0.005551015,0.002086576
2021-07-26,AAPL,148.2700043,149.8300018,147.6999969,148.9900055,147.2642822,0.005319744,0.001941063
2021-07-27,AAPL,149.1199951,149.2100067,145.5500031,146.7700043,145.0699768,0.004003796,0.001833464
2021-07-28,AAPL,144.8099976,146.9700012,142.5399933,144.9799957,143.300705,0.003811853,0.001667408
2021-07-29,AAPL,144.6900024,146.5500031,144.5800018,145.6399994,143.9530792,0.003832475,0.001576502
2021-07-30,AAPL,144.3800049,146.3300018,144.1100006,145.8600006,144.170517,0.003462793,0.001497744
2021-08-02,AAPL,146.3600006,146.9499969,145.25,145.5200043,143.8344574,0.00372149,0.001347338
2021-08-03,AAPL,145.8099976,148.0399933,145.1799927,147.3600006,145.6531525,0.003672835,0.001197256
2021-08-04,AAPL,147.2700043,147.7899933,146.2799988,146.9499969,145.2479095,0.003156814,0.00114168
2021-08-05,AAPL,146.9799957,147.8399963,146.1699982,147.0599976,145.3566437,0.003251428,0.001090749
2021-08-06,AAPL,146.3500061,147.1100006,145.6300049,146.1399994,144.663681,0.003164821,0.00107935
2021-08-09,AAPL,146.1999969,146.6999969,145.5200043,146.0899963,144.6141968,0.003228371,0.001029916
2021-08-10,AAPL,146.4400024,147.7100067,145.3000031,145.6000061,144.1291656,0.002698374,0.000980916
2021-08-11,AAPL,146.0500031,146.7200012,145.5299988,145.8600006,144.3865356,0.002374553,0.000994776
2021-08-12,AAPL,146.1900024,149.0500031,145.8399963,148.8899994,147.38591,0.002912961,0.001003651
2021-08-13,AAPL,148.9700012,149.4400024,148.2700043,149.1000061,147.593811,0.002884532,0.001017334
2021-08-16,AAPL,148.5399933,151.1900024,146.4700012,151.1199951,149.5933838,0.002682916,0.00103826
2021-08-17,AAPL,150.2299957,151.6799927,149.0899963,150.1900024,148.6728058,0.001987168,0.001108315
2021-08-18,AAPL,149.8000031,150.7200012,146.1499939,146.3600006,144.8814545,0.000538618,0.001277337
2021-08-19,AAPL,145.0299988,148.0,144.5,146.6999969,145.2180328,0.000922711,0.00138838
2021-08-20,AAPL,147.4400024,148.5,146.7799988,148.1900024,146.6929779,0.000826098,0.001483197
2021-08-23,AAPL,148.3099976,150.1900024,147.8899994,149.7100067,148.1976318,0.001308131,0.001528514
2021-08-24,AAPL,149.4499969,150.8600006,149.1499939,149.6199951,148.108551,0.001025118,0.001562126
2021-08-25,AAPL,149.8099976,150.3200073,147.8000031,148.3600006,146.8612671,-5.89e-05,0.001599773
2021-08-26,AAPL,148.3500061,149.1199951,147.5099945,147.5399933,146.0495605,-9.34e-05,0.001634053
2021-08-27,AAPL,147.4799957,148.75,146.8300018,148.6000061,147.0988617,0.000615246,0.001608784
2021-08-30,AAPL,149.0,153.4900055,148.6100006,153.1199951,151.5731964,0.0025263,0.00158951
2021-08-31,AAPL,152.6600037,152.8000031,151.2899933,151.8300018,150.2962341,0.001379676,0.001550495
2021-09-01,AAPL,152.8300018,154.9799957,152.3399963,152.5099945,150.9693298,0.001700006,0.001513315
2021-09-02,AAPL,153.8699951,154.7200012,152.3999939,153.6499939,152.0978241,0.001628225,0.001457849
2021-09-03,AAPL,153.7599945,154.6300049,153.0899963,154.3000031,152.7412872,0.001369605,0.001348715
2021-09-07,AAPL,154.9700012,157.2599945,154.3899994,156.6900024,155.1071472,0.001789431,0.001227267
2021-09-08,AAPL,156.9799957,157.0399933,153.9799957,155.1100006,153.5430756,0.001949986,0.00118018
2021-09-09,AAPL,155.4900055,156.1100006,153.9499969,154.0700073,152.5136108,0.002133028,0.001137311
2021-09-10,AAPL,155.0,155.4799957,148.6999969,148.9700012,147.4651184,0.000877882,0.001108454
2021-09-13,AAPL,150.6300049,151.4199982,148.75,149.5500031,148.0392609,0.000957313,0.001087688
2021-09-14,AAPL,150.3500061,151.0700073,146.9100037,148.1199951,146.623703,0.000716278,0.001052379
2021-09-15,AAPL,148.5599976,149.4400024,146.3699951,149.0299988,147.5245209,0.00049959,0.001016962
2021-09-16,AAPL,148.4400024,148.9700012,147.2200012,148.7899933,147.2869263,0.000538647,0.000999686
2021-09-17,AAPL,148.8200073,148.8200073,145.7599945,146.0599976,144.5845184,-9.79e-05,0.000997208
2021-09-20,AAPL,143.8000031,144.8399963,141.2700043,142.9400024,141.4960327,-0.00065103,0.001020555
2021-09-21,AAPL,143.9299927,144.6000061,142.7799988,143.4299927,141.9810638,-0.000525365,0.001015246
2021-09-22,AAPL,144.4499969,146.4299927,143.6999969,145.8500061,144.3766327,0.000148849,0.000996109
2021-09-23,AAPL,146.6499939,147.0800018,145.6399994,146.8300018,145.346756,0.000313305,0.00098057
2021-09-24,AAPL,145.6600037,147.4700012,145.5599976,146.9199982,145.4358368,-0.000358706,0.000952776
2021-09-27,AAPL,145.4700012,145.9600067,143.8200073,145.3699951,143.9014893,-0.000757392,0.000934163
2021-09-28,AAPL,143.25,144.75,141.6900024,141.9100037,140.4764404,-0.002002364,0.001008141
2021-09-29,AAPL,142.4700012,144.4499969,142.0299988,142.8300018,141.3871613,-0.001581132,0.001060992
2021-09-30,AAPL,143.6600037,144.3800049,141.2799988,141.5,140.0706177,-0.001041476,0.001101953
2021-10-01,AAPL,141.8999939,142.9199982,139.1100006,142.6499939,141.2089386,-0.000848021,0.001127609
2021-10-04,AAPL,141.7599945,142.2100067,138.2700043,139.1399994,137.7344208,-0.002006764,0.001212704
2021-10-05,AAPL,139.4900055,142.2400055,139.3600006,141.1100006,139.6845245,-0.001876721,0.001267004
2021-10-06,AAPL,139.4700012,142.1499939,138.3699951,142.0,140.5655365,-0.001646446,0.001305802
2021-10-07,AAPL,143.0599976,144.2200012,142.7200012,143.2899933,141.8424835,-0.001062921,0.001325035
2021-10-08,AAPL,144.0299988,144.1799927,142.5599976,142.8999939,141.4564056,-0.000969416,0.001340221
2021-10-11,AAPL,142.2700043,144.8099976,141.8099976,142.8099976,141.3673553,-0.001229885,0.0013591
2021-10-12,AAPL,143.2299957,143.25,141.0399933,141.5099945,140.0804901,-0.002547224,0.001357596
2021-10-13,AAPL,141.2400055,141.3999939,139.1999969,140.9100037,139.4865417,-0.002407735,0.001390315
2021-10-14,AAPL,142.1100006,143.8800049,141.5099945,143.7599945,142.3077393,-0.001882831,0.001372315
2021-10-15,AAPL,143.7700043,144.8999939,143.5099945,144.8399963,143.3768158,-0.001881583,0.001347019
2021-10-18,AAPL,143.4499969,146.8399963,143.1600037,146.5500031,145.0695496,-0.001629063,0.00131677
2021-10-19,AAPL,147.0099945,149.1699982,146.5500031,148.7599945,147.2572174,-0.001642703,0.001252287
2021-10-20,AAPL,148.6999969,149.75,148.1199951,149.2599945,147.752182,-0.001194535,0.00115181
2021-10-21,AAPL,148.8099976,149.6399994,147.8699951,149.4799957,147.9699402,-0.000921917,0.00101105
2021-10-22,AAPL,149.6900024,150.1799927,148.6399994,148.6900024,147.1879272,5.32e-06,0.000970151
2021-10-25,AAPL,148.6799927,149.3699951,147.6199951,148.6399994,147.138443,-0.000135672,0.000916267
2021-10-26,AAPL,149.3300018,150.8399963,149.0099945,149.3200073,147.8115997,0.000335563,0.000894691
2021-10-27,AAPL,149.3600006,149.7299957,148.4900055,148.8500061,147.3463287,2.58e-05,0.000871771
2021-10-28,AAPL,149.8200073,153.1699982,149.7200012,152.5700073,151.0287476,0.000912585,0.000896617
2021-10-29,AAPL,147.2200012,149.9400024,146.4100037,149.8000031,148.2867432,0.000918998,0.000948518
2021-11-01,AAPL,148.9900055,149.6999969,147.8000031,148.9600067,147.4552155,0.001444116,0.001042821
2021-11-02,AAPL,148.6600037,151.5700073,148.6499939,150.0200043,148.5045166,0.001567056,0.001132645
2021-11-03,AAPL,150.3899994,151.9700012,149.8200073,151.4900055,149.959671,0.001331265,0.001186059
2021-11-04,AAPL,151.5800018,152.4299927,150.6399994,150.9600067,149.4350128,0.000990663,0.001213311
2021-11-05,AAPL,151.8899994,152.1999969,150.0599976,151.2799988,149.9703369,0.001089644,0.001256892
2021-11-08,AAPL,151.4100037,151.5700073,150.1600037,150.4400024,149.137619,0.001256226,0.001305878
2021-11-09,AAPL,150.1999969,151.4299927,150.0599976,150.8099976,149.5043793,0.002131577,0.001371551
2021-11-10,AAPL,150.0200043,150.1300049,147.8500061,147.9199982,146.6394043,0.001276703,0.001391764
2021-11-11,AAPL,148.9600067,149.4299927,147.6799927,147.8699951,146.589859,0.001575828,0.00143087
2021-11-12,AAPL,148.4299927,150.3999939,147.4799957,149.9900055,148.6915283,0.001782838,0.001476078
2021-11-15,AAPL,150.3699951,151.8800049,149.4299927,150.0,148.7014313,0.002605242,0.001522267
2021-11-16,AAPL,149.9400024,151.4900055,149.3399963,151.0,149.6927338,0.002355507,0.001543986
2021-11-17,AAPL,151.0,155.0,150.9900055,153.4900055,152.1611938,0.002694941,0.001579465
2021-11-18,AAPL,153.7100067,158.6699982,153.0500031,157.8699951,156.5032806,0.003343333,0.001658329
2021-11-19,AAPL,157.6499939,161.0200043,156.5299988,160.5500031,159.1600952,0.003999932,0.001764374
2021-11-22,AAPL,161.6799927,165.6999969,161.0,161.0200043,159.6260223,0.004118496,0.001847718
2021-11-23,AAPL,161.1199951,161.8000031,159.0599976,161.4100037,160.0126343,0.004502662,0.001866429
2021-11-24,AAPL,160.75,162.1399994,159.6399994,161.9400024,160.5380707,0.004753454,0.001879775
2021-11-26,AAPL,159.5700073,160.4499969,156.3600006,156.8099976,155.4524689,0.003023319,0.001815449
2021-11-29,AAPL,159.3699951,161.1900024,158.7899933,160.2400055,158.8527679,0.003502023,0.001749415
2021-11-30,AAPL,159.9900055,165.5200043,159.9199982,165.3000031,163.8689728,0.004161074,0.001707311
2021-12-01,AAPL,167.4799957,170.3000031,164.5299988,164.7700043,163.3435516,0.003551524,0.001614667
2021-12-02,AAPL,158.7400055,164.1999969,157.8000031,163.7599945,162.3422852,0.003235156,0.001521781
2021-12-03,AAPL,164.0200043,164.9600067,159.7200012,161.8399963,160.4389191,0.002795216,0.00141954
2021-12-06,AAPL,164.2899933,167.8800049,164.2799988,165.3200073,163.8887787,0.003688135,0.001384546
2021-12-07,AAPL,169.0800018,171.5800018,168.3399963,171.1799927,169.6980591,0.004880891,0.001383866
2021-12-08,AAPL,172.1300049,175.9600067,170.6999969,175.0800018,173.5642853,0.005487824,0.001429854
2021-12-09,AAPL,174.9100037,176.75,173.9199982,174.5599976,173.0487976,0.005493748,0.001434496
2021-12-10,AAPL,175.2100067,179.6300049,174.6900024,179.4499969,177.8964539,0.005594469,0.001474437
2021-12-13,AAPL,181.1199951,182.1300049,175.5299988,175.7400055,174.2185974,0.005510515,0.00149221
2021-12-14,AAPL,175.25,177.7400055,172.2100067,174.3300018,172.8207855,0.00542999,0.001514684
2021-12-15,AAPL,175.1100006,179.5,172.3099976,179.3000031,177.7477722,0.006143095,0.001568038
2021-12-16,AAPL,179.2799988,181.1399994,170.75,172.2599945,170.768692,0.004507673,0.001529591
2021-12-17,AAPL,169.9299927,173.4700012,169.6900024,171.1399994,169.6584015,0.004407571,0.001460726
2021-12-20,AAPL,168.2799988,170.5800018,167.4600067,169.75,168.2804413,0.004017428,0.001380768
2021-12-21,AAPL,171.5599976,173.1999969,169.1199951,172.9900055,171.4923859,0.004838741,0.001312915
2021-12-22,AAPL,173.0399933,175.8600006,172.1499939,175.6399994,174.1194611,0.005267398,0.00129636
2021-12-23,AAPL,175.8500061,176.8500061,175.2700043,176.2799988,174.7539063,0.006027627,0.00124761
2021-12-27,AAPL,177.0899963,180.4199982,177.0700073,180.3300018,178.7688446,0.006804717,0.001246637
2021-12-28,AAPL,180.1600037,181.3300018,178.5299988,179.2899933,177.7378387,0.006134573,0.001197774
2021-12-29,AAPL,179.3300018,180.6300049,178.1399994,179.3800049,177.8270721,0.006149088,0.001186384
2021-12-30,AAPL,179.4700012,180.5700073,178.0899963,178.1999969,176.6572876,0.005707601,0.001129316
2021-12-31,AAPL,178.0899963,179.2299957,177.2599945,177.5700073,176.0327454,0.005040084,0.001068181
2022-01-03,AAPL,177.8300018,182.8800049,177.7100067,182.0099945,180.4342957,0.004922352,0.001035532
2022-01-04,AAPL,182.6300049,182.9400024,179.1199951,179.6999969,178.1442871,0.003933427,0.001037351
2022-01-05,AAPL,179.6100006,180.1699982,174.6399994,174.9199982,173.4057007,0.00294919,0.001084267
2022-01-06,AAPL,172.6999969,175.3000031,171.6399994,172.0,170.5109558,0.002312008,0.001171653
2022-01-07,AAPL,172.8899994,174.1399994,171.0299988,172.1699982,170.6794891,0.002235497,0.001253235
2022-01-10,AAPL,169.0800018,172.5,168.1699982,172.1900024,170.6993103,0.003295317,0.001242434
2022-01-11,AAPL,172.3200073,175.1799927,170.8200073,175.0800018,173.5642853,0.003125657,0.001255741
2022-01-12,AAPL,176.1199951,177.1799927,174.8200073,175.5299988,174.0104065,0.002158746,0.001330233
2022-01-13,AAPL,175.7799988,176.6199951,171.7899933,172.1900024,170.6993103,0.001631352,0.001421574
2022-01-14,AAPL,171.3399963,173.7799988,171.0899963,173.0700073,171.5717163,0.002006039,0.001474735
2022-01-18,AAPL,171.5099945,172.5399933,169.4100037,169.8000031,168.3300171,0.001767048,0.00152481
2022-01-19,AAPL,170.0,171.0800018,165.9400024,166.2299957,164.7908936,0.000349463,0.001690097
2022-01-20,AAPL,166.9799957,169.6799927,164.1799927,164.5099945,163.0858002,-0.001176987,0.001955729
2022-01-21,AAPL,164.4199982,166.3300018,162.3000031,162.4100037,161.0039825,-0.002361925,0.002260697
2022-01-24,AAPL,160.0200043,162.3000031,154.6999969,161.6199951,160.2207947,-0.002425071,0.002506001
2022-01-25,AAPL,158.9799957,162.7599945,157.0200043,159.7799988,158.3967438,-0.003738333,0.002804154
2022-01-26,AAPL,163.5,164.3899994,157.8200073,159.6900024,158.3075409,-0.003067967,0.00299474
2022-01-27,AAPL,162.4499969,163.8399963,158.2799988,159.2200012,157.8415985,-0.002898632,0.003139126
2022-01-28,AAPL,165.7100067,170.3500061,162.8000031,170.3300018,168.855423,-0.001523016,0.003158515
2022-01-31,AAPL,170.1600037,175.0,169.5099945,174.7799988,173.2668762,0.000656637,0.003148699
2022-02-01,AAPL,174.0099945,174.8399963,172.3099976,174.6100006,173.0983582,0.000840941,0.003133081
2022-02-02,AAPL,174.75,175.8800049,173.3300018,175.8399963,174.3177185,0.001346484,0.003116561
2022-02-03,AAPL,174.4799957,176.2400055,172.1199951,172.8999939,171.4031677,0.00015293,0.003090686
2022-02-04,AAPL,171.6799927,174.1000061,170.6799927,172.3899994,171.1153107,-0.00041368,0.003052368
2022-02-07,AAPL,172.8600006,173.9499969,170.9499969,171.6600037,170.3907013,-0.000676293,0.002971314
2022-02-08,AAPL,171.7299957,175.3500061,171.4299927,174.8300018,173.5372772,-0.000826559,0.002825285
2022-02-09,AAPL,176.0500031,176.6499939,174.8999939,176.2799988,174.9765625,-0.000357856,0.002683614
2022-02-10,AAPL,174.1399994,175.4799957,171.5500031,172.1199951,170.8473053,-0.001161222,0.002530986
2022-02-11,AAPL,172.3300018,173.0800018,168.0399933,168.6399994,167.3930511,-0.001615894,0.002389914
2022-02-14,AAPL,167.3699951,169.5800018,166.5599976,168.8800049,167.6312866,-0.001450609,0.002259597
2022-02-15,AAPL,170.9700012,172.9499969,170.25,172.7899933,171.5123444,-0.001512336,0.002109339
2022-02-16,AAPL,171.8500061,173.3399963,170.0500031,172.5500031,171.2741394,-0.001135576,0.001993026
2022-02-17,AAPL,171.0299988,171.9100037,168.4700012,168.8800049,167.6312866,-0.00095789,0.001916434
2022-02-18,AAPL,169.8200073,170.5399933,166.1900024,167.3000031,166.0629425,-0.000713305,0.001859493
2022-02-22,AAPL,164.9799957,166.6900024,162.1499939,164.3200073,163.1049957,-0.001339992,0.001806427
2022-02-23,AAPL,165.5399933,166.1499939,159.75,160.0700073,158.8864288,-0.002206,0.00169402
2022-02-24,AAPL,152.5800018,162.8500061,152.0,162.7400055,161.5366821,-0.002209453,0.001566368
2022-02-25,AAPL,163.8399963,165.1199951,160.8699951,164.8500061,163.631073,-0.00186295,0.001477349
2022-02-28,AAPL,163.0599976,165.4199982,162.4299927,165.1199951,163.8990784,-0.001174083,0.001398541
2022-03-01,AAPL,164.6999969,166.6000061,161.9700012,163.1999969,161.9932709,-0.00173204,0.001284304
2022-03-02,AAPL,164.3899994,167.3600006,162.9499969,166.5599976,165.3284149,-0.000415963,0.001172399
2022-03-03,AAPL,168.4700012,168.9100037,165.5500031,166.2299957,165.0008545,0.000218825,0.001166724
2022-03-04,AAPL,164.4900055,165.5500031,162.1000061,163.1699982,161.963501,-4.99e-05,0.001185201
2022-03-07,AAPL,163.3600006,165.0200043,159.0399933,159.3000031,158.1221161,-0.00041496,0.001169967
2022-03-08,AAPL,158.8200073,162.8800049,155.8000031,157.4400024,156.2758636,-0.000642017,0.001144761
2022-03-09,AAPL,161.4799957,163.4100037,159.4100037,162.9499969,161.7451324,0.000904054,0.001077753
2022-03-10,AAPL,160.1999969,160.3899994,155.9799957,158.5200043,157.3478851,1.66e-05,0.001006039
2022-03-11,AAPL,158.9299927,159.2799988,154.5,154.7299957,153.5858917,-0.000682232,0.000922368
2022-03-14,AAPL,151.4499969,154.1199951,150.1000061,150.6199951,149.5062866,-0.003893568,0.001083039
2022-03-15,AAPL,150.8999939,155.5700073,150.3800049,155.0899963,153.943222,-0.003775181,0.001178777
2022-03-16,AAPL,157.0500031,160.0,154.4600067,159.5899963,158.4099579,-0.002775578,0.001176912
2022-03-17,AAPL,158.6100006,161.0,157.6300049,160.6199951,159.4323273,-0.002795257,0.001128613
2022-03-18,AAPL,160.5099945,164.4799957,159.7599945,163.9799957,162.7675018,-0.00154063,0.001101502
2022-03-21,AAPL,163.5099945,166.3500061,163.0099945,165.3800049,164.1571503,-0.001200062,0.001090469
2022-03-22,AAPL,165.5099945,169.4199982,164.9100037,168.8200073,167.5717316,-0.000365552,0.001097714
2022-03-23,AAPL,167.9900055,172.6399994,167.6499939,170.2100067,168.9514313,-0.000706663,0.001099547
2022-03-24,AAPL,171.0599976,174.1399994,170.2100067,174.0700073,172.7828979,-0.000227193,0.001103461
2022-03-25,AAPL,173.8800049,175.2799988,172.75,174.7200012,173.4281006,0.000683911,0.00115847
2022-03-28,AAPL,172.1699982,175.7299957,172.0,175.6000061,174.30159,0.001525743,0.001256123
2022-03-29,AAPL,176.6900024,179.0099945,176.3399963,178.9600067,177.6367188,0.002116111,0.001382381
2022-03-30,AAPL,178.5500031,179.6100006,176.6999969,177.7700043,176.4555359,0.001122718,0.001429137
2022-03-31,AAPL,177.8399963,178.0299988,174.3999939,174.6100006,173.3189087,0.000576489,0.001452338
2022-04-01,AAPL,174.0299988,174.8800049,171.9400024,174.3099976,173.0211334,0.001228191,0.001499124
2022-04-04,AAPL,174.5700073,178.4900055,174.4400024,178.4400024,177.1205902,0.002329834,0.001600804
2022-04-05,AAPL,177.5,178.3000031,174.4199982,175.0599976,173.765564,0.002292173,0.001681579
2022-04-06,AAPL,172.3600006,173.6300049,170.1300049,171.8300018,170.5594635,0.002539286,0.001739866
2022-04-07,AAPL,171.1600037,173.3600006,169.8500061,172.1399994,170.8671417,0.002043411,0.001757456
2022-04-08,AAPL,171.7799988,171.7799988,169.1999969,170.0899963,168.8323059,0.001214268,0.001748148
2022-04-11,AAPL,168.7100067,169.0299988,165.5,165.75,164.5244141,0.000309146,0.001738235
2022-04-12,AAPL,168.0200043,169.8699951,166.6399994,167.6600037,166.4202881,0.001080856,0.001721266
2022-04-13,AAPL,167.3899994,171.0399933,166.7700043,170.3999939,169.1400452,0.00093934,0.001727099
2022-04-14,AAPL,170.6199951,171.2700043,165.0399933,165.2899933,164.0678101,5.77e-06,0.0017269
2022-04-18,AAPL,163.9199982,166.6000061,163.5700073,165.0700073,163.8494568,0.000575011,0.001729271
2022-04-19,AAPL,165.0200043,167.8200073,163.9100037,167.3999939,166.1621857,0.001836096,0.001755566
2022-04-20,AAPL,168.7599945,168.8800049,166.1000061,167.2299957,165.9934845,0.002191458,0.00178699
2022-04-21,AAPL,168.9100037,171.5299988,165.9100037,166.4199982,165.1894531,0.000863415,0.001786494
2022-04-22,AAPL,166.4600067,167.8699951,161.5,161.7899933,160.593689,0.000842252,0.001789117
2022-04-25,AAPL,161.1199951,163.1699982,158.4600067,162.8800049,161.6756439,0.001863785,0.001802312
2022-04-26,AAPL,162.25,162.3399963,156.7200012,156.8000031,155.6405945,0.001504926,0.001623239
2022-04-27,AAPL,155.9100037,159.7899933,155.3800049,156.5700073,155.4122925,0.000466789,0.00140405
2022-04-28,AAPL,159.25,164.5200043,158.9299927,163.6399994,162.4300079,0.001004789,0.001243218
2022-04-29,AAPL,161.8399963,166.1999969,157.25,157.6499939,156.484314,-0.000430498,0.001069538
2022-05-02,AAPL,156.7100067,158.2299957,153.2700043,157.9600067,156.7920227,-0.001062254,0.001035068
2022-05-03,AAPL,158.1499939,160.7100067,156.3200073,159.4799957,158.300766,-0.001026089,0.001023285
2022-05-04,AAPL,159.6699982,166.4799957,159.2599945,166.0200043,164.7924194,-0.0003525,0.001022726
2022-05-05,AAPL,163.8500061,164.0800018,154.9499969,156.7700043,155.6108093,-0.002484157,0.001161754
2022-05-06,AAPL,156.0099945,159.4400024,154.1799927,157.2799988,156.3464203,-0.003082512,0.001354265
2022-05-09,AAPL,154.9299927,155.8300018,151.4900055,152.0599976,151.1574097,-0.004313291,0.001640644
2022-05-10,AAPL,155.5200043,156.7400055,152.9299927,154.5099945,153.592865,-0.00394411,0.001826551
2022-05-11,AAPL,153.5,155.4499969,145.8099976,146.5,145.6304169,-0.00630996,0.002170373
2022-05-12,AAPL,142.7700043,146.1999969,138.8000031,142.5599976,141.7137909,-0.006984788,0.002518949
2022-05-13,AAPL,144.5899963,148.1000061,143.1100006,147.1100006,146.2368011,-0.00532838,0.002685973
2022-05-16,AAPL,145.5500031,147.5200043,144.1799927,145.5399933,144.6760864,-0.005626861,0.002835428
2022-05-17,AAPL,148.8600006,149.7700043,146.6799927,149.2400055,148.3541412,-0.005569218,0.002922466
2022-05-18,AAPL,146.8500061,147.3600006,139.8999939,140.8200073,139.9841309,-0.006818454,0.003056958
2022-05-19,AAPL,139.8800049,141.6600037,136.6000061,137.3500061,136.534729,-0.007024809,0.003157605
2022-05-20,AAPL,139.0899963,140.6999969,132.6100006,137.5899963,136.7732849,-0.0070267,0.003244234
2022-05-23,AAPL,137.7899933,143.2599945,137.6499939,143.1100006,142.2605286,-0.005292428,0.003256274
2022-05-24,AAPL,140.8099976,141.9700012,137.3300018,140.3600006,139.5268555,-0.005082434,0.003274702
2022-05-25,AAPL,138.4299927,141.7899933,138.3399963,140.5200043,139.6859131,-0.005428546,0.0032687
2022-05-26,AAPL,137.3899994,144.3399963,137.1399994,143.7799988,142.9265442,-0.005199989,0.003246487
2022-05-27,AAPL,145.3899994,149.6799927,145.2599945,149.6399994,148.75177,-0.002841817,0.003209868
2022-05-31,AAPL,149.0700073,150.6600037,146.8399963,148.8399963,147.9565125,-0.002975662,0.003151036
2022-06-01,AAPL,149.8999939,151.7400055,147.6799927,148.7100067,147.8272858,-0.003475274,0.003029137
2022-06-02,AAPL,147.8300018,151.2700043,146.8600006,151.2100067,150.3124542,-0.002881055,0.002868719
2022-06-03,AAPL,146.8999939,147.9700012,144.4600067,145.3800049,144.5170593,-0.004004785,0.002770829
2022-06-06,AAPL,147.0299988,148.5700073,144.8999939,146.1399994,145.2725525,-0.002903156,0.0026601
2022-06-07,AAPL,144.3500061,149.0,144.1000061,148.7100067,147.8272858,-0.002541537,0.002473345
2022-06-08,AAPL,148.5800018,149.8699951,147.4600067,147.9600067,147.0817719,-0.00146537,0.00231784
2022-06-09,AAPL,147.0800018,147.9499969,142.5299988,142.6399994,141.7933197,-0.002615004,0.002193266
2022-06-10,AAPL,140.2799988,140.7599945,137.0599976,137.1300049,136.31604,-0.005407807,0.002017345
2022-06-13,AAPL,132.8699951,135.1999969,131.4400024,131.8800049,131.0971832,-0.005463818,0.001918563
2022-06-14,AAPL,133.1300049,133.8899994,131.4799957,132.7599945,131.9719696,-0.005306937,0.001837728
2022-06-15,AAPL,134.2899933,137.3399963,132.1600037,135.4299927,134.6261139,-0.004957309,0.001734009
2022-06-16,AAPL,132.0800018,132.3899994,129.0399933,130.0599976,129.2879944,-0.007645969,0.00165293
2022-06-17,AAPL,130.0700073,133.0800018,129.8099976,131.5599976,130.7790833,-0.005404325,0.001605264
2022-06-21,AAPL,133.4199982,137.0599976,133.3200073,135.8699951,135.0635071,-0.004469875,0.001574846
2022-06-22,AAPL,134.7899933,137.7599945,133.9100037,135.3500061,134.5466003,-0.00349114,0.001590865
2022-06-23,AAPL,136.8200073,138.5899963,135.6300049,138.2700043,137.4492493,-0.003309089,0.001606558
2022-06-24,AAPL,139.8999939,141.9100037,139.7700043,141.6600037,140.8191223,-0.000763807,0.001736138
2022-06-27,AAPL,142.6999969,143.4900055,140.9700012,141.6600037,140.8191223,0.00013267,0.00187639
2022-06-28,AAPL,142.1300049,143.4199982,137.3200073,137.4400024,136.6241913,-0.001924197,0.001917026
2022-06-29,AAPL,137.4600067,140.6699982,136.6699982,139.2299957,138.4035492,-0.001134322,0.001978326
2022-06-30,AAPL,137.25,138.3699951,133.7700043,136.7200012,135.9084625,-0.002582666,0.001975757
2022-07-01,AAPL,136.0399933,139.0399933,135.6600037,138.9299927,138.1053314,-0.000163218,0.002018856
2022-07-05,AAPL,137.7700043,141.6100006,136.9299927,141.5599976,140.7197113,0.001289173,0.002122504
2022-07-06,AAPL,141.3500061,144.1199951,141.0800018,142.9199982,142.0716553,0.001551177,0.002204153
2022-07-07,AAPL,143.2899933,146.5500031,143.2799988,146.3500061,145.481308,0.001013853,0.002295734
2022-07-08,AAPL,145.2599945,147.5500031,145.0,147.0399933,146.1671906,0.001811537,0.002419888
2022-07-11,AAPL,145.6699982,146.6399994,143.7799988,144.8699951,144.0100708,0.001281608,0.002473475
2022-07-12,AAPL,145.7599945,148.4499969,145.0500031,145.8600006,144.9942017,0.000736087,0.002489756
2022-07-13,AAPL,142.9900055,146.4499969,142.1199951,145.4900055,144.6264038,-0.000707027,0.002505095
2022-07-14,AAPL,144.0800018,148.9499969,143.25,148.4700012,147.5887146,0.00015393,0.002539164
2022-07-15,AAPL,149.7799988,150.8600006,148.1999969,150.1699982,149.2786255,0.000564715,0.002573621
2022-07-18,AAPL,150.7400055,151.5700073,146.6999969,147.0700073,146.1970215,-0.000683772,0.002579539
2022-07-19,AAPL,147.9199982,151.2299957,146.9100037,151.0,150.1036987,0.00149215,0.002623191
2022-07-20,AAPL,151.1199951,153.7200012,150.3699951,153.0399933,152.1315918,0.001768224,0.002690996
2022-07-21,AAPL,154.5,155.5700073,151.9400024,155.3500061,154.4279022,0.001685172,0.002750428
2022-07-22,AAPL,155.3899994,156.2799988,153.4100037,154.0899963,153.175354,0.001582914,0.002806238
2022-07-25,AAPL,154.0099945,155.0399933,152.2799988,152.9499969,152.0421143,0.002534832,0.002883617
2022-07-26,AAPL,152.2599945,153.0899963,150.8000031,151.6000061,150.7001648,0.003528247,0.002894836
2022-07-27,AAPL,152.5800018,157.3300018,152.1600037,156.7899933,155.8593292,0.005945568,0.003020768
2022-07-28,AAPL,156.9799957,157.6399994,154.4100037,157.3500061,156.4160156,0.005842198,0.003095882
2022-07-29,AAPL,161.2400055,163.6300049,159.5,162.5099945,161.5453644,0.006264917,0.003171318
2022-08-01,AAPL,161.0099945,163.5899963,160.8899994,161.5099945,160.5513153,0.007381519,0.003069577
2022-08-02,AAPL,160.1000061,162.4100037,159.6300049,160.0099945,159.0601959,0.0066875,0.003029812
2022-08-03,AAPL,160.8399963,166.5899963,160.75,166.1300049,165.1438904,0.006870399,0.003013933
2022-08-04,AAPL,166.0099945,167.1900024,164.4299927,165.8099976,164.8257904,0.006933764,0.003018175
2022-08-05,AAPL,163.2100067,165.8500061,163.0,165.3500061,164.5968323,0.006168342,0.002953843
2022-08-08,AAPL,166.3699951,167.8099976,164.1999969,164.8699951,164.1190186,0.005254337,0.002951705
2022-08-09,AAPL,164.0200043,165.8200073,163.25,164.9199982,164.1687927,0.005264447,0.002965882
2022-08-10,AAPL,167.6799927,169.3399963,166.8999939,169.2400055,168.4691315,0.007130584,0.002955888
2022-08-11,AAPL,170.0599976,170.9900055,168.1900024,168.4900055,167.7225342,0.006548737,0.002931614
2022-08-12,AAPL,169.8200073,172.1699982,169.3999939,172.1000061,171.3161011,0.007863847,0.00285208
2022-08-15,AAPL,171.5200043,173.3899994,171.3500061,173.1900024,172.401123,0.007536151,0.002861833
2022-08-16,AAPL,172.7799988,173.7100067,171.6600037,173.0299988,172.2418518,0.006874345,0.002880537
2022-08-17,AAPL,172.7700043,176.1499939,172.5700073,174.5500031,173.7549286,0.00684692,0.00289412
2022-08-18,AAPL,173.75,174.8999939,173.1199951,174.1499939,173.3567352,0.005970546,0.0028547
2022-08-19,AAPL,173.0299988,173.7400055,171.3099976,171.5200043,170.7387238,0.005309998,0.002823456
2022-08-22,AAPL,169.6900024,169.8600006,167.1399994,167.5700073,166.8067322,0.005034284,0.002765154
2022-08-23,AAPL,167.0800018,168.7100067,166.6499939,167.2299957,166.468277,0.004738858,0.002673345
2022-08-24,AAPL,167.3200073,168.1100006,166.25,167.5299988,166.7669067,0.00488321,0.00247739
2022-08-25,AAPL,168.7799988,170.1399994,168.3500061,170.0299988,169.2555084,0.004697881,0.002317323
2022-08-26,AAPL,170.5700073,171.0500031,163.5599976,163.6199951,162.8747101,0.00305957,0.002196091
2022-08-29,AAPL,161.1499939,162.8999939,159.8200073,161.3800049,160.6449127,0.003291338,0.001944755
2022-08-30,AAPL,162.1300049,162.5599976,157.7200012,158.9100037,158.1861725,0.001890423,0.00192001
2022-08-31,AAPL,160.3099976,160.5800018,157.1399994,157.2200012,156.5038757,0.001085594,0.001965343
2022-09-01,AAPL,156.6399994,158.4199982,154.6699982,157.9600067,157.2404938,0.000739343,0.002029495
2022-09-02,AAPL,159.75,160.3600006,154.9700012,155.8099976,155.1002808,0.000556004,0.002098781
2022-09-06,AAPL,156.4700012,157.0899963,153.6900024,154.5299988,153.8261108,0.000528776,0.002211941
2022-09-07,AAPL,154.8200073,156.6699982,153.6100006,155.9600067,155.2496033,0.001131445,0.002308995
2022-09-08,AAPL,154.6399994,156.3600006,152.6799927,154.4600067,153.7564545,-0.0003303,0.002492188
2022-09-09,AAPL,155.4700012,157.8200073,154.75,157.3699951,156.6531677,0.00017863,0.002616831
2022-09-12,AAPL,159.5899963,164.2599945,159.3000031,163.4299927,162.6855774,0.000369132,0.002703278
2022-09-13,AAPL,159.8999939,160.5399933,153.3699951,153.8399963,153.1392517,-0.001381742,0.002834663
2022-09-14,AAPL,154.7899933,157.1000061,153.6100006,155.3099976,154.6025696,-0.000753643,0.002920866
2022-09-15,AAPL,154.6499939,155.2400055,151.3800049,152.3699951,151.6759491,-0.002659567,0.003089853
2022-09-16,AAPL,151.2100067,151.3500061,148.3699951,150.6999969,150.0135498,-0.0029607,0.0032345
2022-09-19,AAPL,149.3099976,154.5599976,149.1000061,154.4799957,153.7763519,-0.002078294,0.003319519
2022-09-20,AAPL,153.3999939,158.0800018,153.0800018,156.8999939,156.185318,-0.00145935,0.003380194
2022-09-21,AAPL,157.3399963,158.7400055,153.6000061,153.7200012,153.0198059,-0.002145049,0.003453502
2022-09-22,AAPL,152.3800049,154.4700012,150.9100037,152.7400055,152.0442657,-0.003230711,0.003483779
2022-09-23,AAPL,151.1900024,151.4700012,148.5599976,150.4299927,149.7447968,-0.003587112,0.003525807
2022-09-26,AAPL,149.6600037,153.7700043,149.6399994,150.7700043,150.083252,-0.00422596,0.003491694
2022-09-27,AAPL,152.7400055,154.7200012,149.9499969,151.7599945,151.0687256,-0.004218203,0.003430264
2022-09-28,AAPL,147.6399994,150.6399994,144.8399963,149.8399963,149.157486,-0.004609123,0.003385472
2022-09-29,AAPL,146.1000061,146.7200012,140.6799927,142.4799957,141.8309937,-0.006539249,0.003409764
2022-09-30,AAPL,141.2799988,143.1000061,138.0,138.1999969,137.5704956,-0.007464168,0.003494633
2022-10-03,AAPL,138.2100067,143.0700073,137.6900024,142.4499969,141.8011475,-0.005935685,0.003470931
2022-10-04,AAPL,145.0299988,146.2200012,144.2599945,146.1000061,145.4345245,-0.004313941,0.003354838
2022-10-05,AAPL,144.0700073,147.3800049,143.0099945,146.3999939,145.733139,-0.004177865,0.003218834
2022-10-06,AAPL,145.8099976,147.5399933,145.2200012,145.4299927,144.7675629,-0.004458517,0.00304501
2022-10-07,AAPL,142.5399933,143.1000061,139.4499969,140.0899963,139.451889,-0.006179894,0.002909749
2022-10-10,AAPL,140.4199982,141.8899994,138.5700073,140.4199982,139.7803955,-0.00484473,0.002791656
2022-10-11,AAPL,139.8999939,141.3500061,138.2200012,138.9799957,138.3469543,-0.00473022,0.002620581
2022-10-12,AAPL,139.1300049,140.3600006,138.1600037,138.3399963,137.7098541,-0.004373542,0.00250342
2022-10-13,AAPL,134.9900055,143.5899963,134.3699951,142.9900055,142.3386841,-0.002898614,0.002397139
2022-10-14,AAPL,144.3099976,144.5200043,138.1900024,138.3800049,137.7496796,-0.004130172,0.002307615
2022-10-17,AAPL,141.0700073,142.8999939,140.2700043,142.4100037,141.7613373,-0.002705709,0.002207462
2022-10-18,AAPL,145.4900055,146.6999969,140.6100006,143.75,143.0952301,-0.002118224,0.002106371
2022-10-19,AAPL,141.6900024,144.9499969,141.5,143.8600006,143.2047272,-0.002401181,0.001946988
2022-10-20,AAPL,143.0200043,145.8899994,142.6499939,143.3899994,142.7368622,-0.002189493,0.001876001
2022-10-21,AAPL,142.8699951,147.8500061,142.6499939,147.2700043,146.5991974,-0.001915509,0.001774162
2022-10-24,AAPL,147.1900024,150.2299957,146.0,149.4499969,148.7692566,-0.002705689,0.001627007
2022-10-25,AAPL,150.0899963,152.4900055,149.3600006,152.3399963,151.6461029,-0.000105114,0.001701469
2022-10-26,AAPL,150.9600067,151.9900055,148.0399933,149.3500061,148.6697235,-0.001077868,0.00168412
2022-10-27,AAPL,148.0700073,149.0500031,144.1300049,144.8000031,144.1404419,-0.001462383,0.001719705
2022-10-28,AAPL,148.1999969,157.5,147.8200073,155.7400055,155.0306091,0.001421373,0.001939818
2022-10-31,AAPL,153.1600037,154.2400055,151.9199982,153.3399963,152.6415253,7.16e-05,0.002026646
2022-11-01,AAPL,155.0800018,155.4499969,149.1300049,150.6499939,149.9637909,-0.001035343,0.002041282
2022-11-02,AAPL,148.9499969,152.1699982,145.0,145.0299988,144.3693848,-0.001603256,0.002053991
2022-11-03,AAPL,142.0599976,142.8000031,138.75,138.8800049,138.247406,-0.002804246,0.002055663
2022-11-04,AAPL,142.0899963,142.6699982,134.3800049,138.3800049,137.9781952,-0.002365034,0.00206073
2022-11-07,AAPL,137.1100006,139.1499939,135.6699982,138.9199982,138.5166168,-0.0023103,0.002057623
2022-11-08,AAPL,140.4100037,141.4299927,137.4900055,139.5,139.0949402,-0.002390002,0.002051633
2022-11-09,AAPL,138.5,138.5500031,134.5899963,134.8699951,134.4783783,-0.003074621,0.002031181
2022-11-10,AAPL,141.2400055,146.8699951,139.5,146.8699951,146.4435272,0.001528502,0.002083567
2022-11-11,AAPL,145.8200073,150.0099945,144.3699951,149.6999969,149.2653198,0.003172105,0.002158787
2022-11-14,AAPL,148.9700012,150.2799988,147.4299927,148.2799988,147.8494415,0.001830829,0.002186143
2022-11-15,AAPL,152.2200012,153.5899963,148.5599976,150.0399933,149.6043243,0.001372374,0.002237503
2022-11-16,AAPL,149.1300049,149.8699951,147.2899933,148.7899933,148.3579559,0.001026229,0.002260865
2022-11-17,AAPL,146.4299927,151.4799957,146.1499939,150.7200012,150.2823486,0.00167946,0.002287858
2022-11-18,AAPL,152.3099976,152.6999969,149.9700012,151.2899933,150.8506927,0.003029477,0.002266744
2022-11-21,AAPL,150.1600037,150.3699951,147.7200012,148.0099945,147.5802307,0.002228283,0.002249918
2022-11-22,AAPL,148.1300049,150.4199982,146.9299927,150.1799927,149.7439117,0.003058817,0.002258143
2022-11-23,AAPL,149.4499969,151.8300018,149.3399963,151.0700073,150.6313477,0.003409865,0.002277475
2022-11-25,AAPL,148.3099976,148.8800049,147.1199951,148.1100006,147.6799469,0.001636316,0.002264304
2022-11-28,AAPL,145.1399994,146.6399994,143.3800049,144.2200012,143.801239,0.001835508,0.00218266
2022-11-29,AAPL,144.2899933,144.8099976,140.3500061,141.1699982,140.7600861,0.000159804,0.002129718
2022-11-30,AAPL,141.3999939,148.7200012,140.5500031,148.0299988,147.600174,0.001465955,0.002111303
2022-12-01,AAPL,148.2100067,149.1300049,146.6100006,148.3099976,147.8793488,0.001503496,0.002075058
2022-12-02,AAPL,145.9600067,148.0,145.6499939,147.8099976,147.3808136,0.001500025,0.002038818
2022-12-05,AAPL,147.7700043,150.9199982,145.7700043,146.6300049,146.2042389,0.000331946,0.001995327
2022-12-06,AAPL,147.0700073,147.3000031,141.9199982,142.9100037,142.4950409,-0.001007142,0.001927776
2022-12-07,AAPL,142.1900024,143.3699951,140.0,140.9400024,140.5307617,-0.002111226,0.001981183
2022-12-08,AAPL,142.3600006,143.5200043,141.1000061,142.6499939,142.2357941,-0.001052561,0.001980552
2022-12-09,AAPL,142.3399963,145.5700073,140.8999939,142.1600037,141.7472076,-0.00015155,0.001953042
2022-12-12,AAPL,142.6999969,144.5,141.0599976,144.4900055,144.0704498,-0.002123631,0.001996616
2022-12-13,AAPL,149.5,149.9700012,144.2400055,145.4700012,145.0476074,-0.001383868,0.002019748
2022-12-14,AAPL,145.3500061,146.6600037,141.1600037,143.2100067,142.7941742,-0.001316974,0.002026549
2022-12-15,AAPL,141.1100006,141.8000031,136.0299988,136.5,136.103653,-0.001635282,0.002027559
2022-12-16,AAPL,136.6900024,137.6499939,133.7299957,134.5099945,134.1194305,-0.000707742,0.001953998
2022-12-19,AAPL,135.1100006,135.1999969,131.3200073,132.3699951,131.9856262,-0.001173156,0.001909455
2022-12-20,AAPL,131.3899994,133.25,129.8899994,132.3000031,131.9158478,-0.001320853,0.001870161
2022-12-21,AAPL,132.9799957,136.8099976,132.75,135.4499969,135.0567017,-0.000666373,0.001807644
2022-12-22,AAPL,134.3500061,134.5599976,130.3000031,132.2299957,131.8460388,-0.000352463,0.001689893
2022-12-23,AAPL,130.9199982,132.4199982,129.6399994,131.8600006,131.4771271,-0.003411548,0.001824145
2022-12-27,AAPL,131.3800049,131.4100037,128.7200012,130.0299988,129.6524353,-0.004516455,0.001951237
2022-12-28,AAPL,129.6699982,131.0299988,125.8700027,126.0400009,125.6740189,-0.005223108,0.002150848
2022-12-29,AAPL,127.9899979,130.4799957,127.7300034,129.6100006,129.2336578,-0.004674609,0.002284348
2022-12-30,AAPL,128.4100037,129.9499969,127.4300003,129.9299927,129.5527191,-0.00431461,0.002380912
2023-01-03,AAPL,130.2799988,130.8999939,124.1699982,125.0699997,124.7068329,-0.00599381,0.002544143
2023-01-04,AAPL,126.8899994,128.6600037,125.0800018,126.3600006,125.9930954,-0.005776062,0.002598535
2023-01-05,AAPL,127.1299973,127.7699966,124.7600021,125.0199966,124.6569824,-0.00540688,0.002639012
2023-01-06,AAPL,126.0100021,130.2899933,124.8899994,129.6199951,129.2436218,-0.004669112,0.002573825
2023-01-09,AAPL,130.4700012,133.4100037,129.8899994,130.1499939,129.7720795,-0.004730362,0.002456994
2023-01-10,AAPL,130.2599945,131.2599945,128.1199951,130.7299957,130.3504028,-0.003928696,0.002394543
2023-01-11,AAPL,131.25,133.5099945,130.4600067,133.4900055,133.1023865,-0.00234948,0.002280887
2023-01-12,AAPL,133.8800049,134.2599945,131.4400024,133.4100037,133.0226135,-0.001664514,0.002240653
2023-01-13,AAPL,132.0299988,134.9199982,131.6600037,134.7599945,134.3686981,-0.002947005,0.002131955
2023-01-17,AAPL,134.8300018,137.2899933,134.1300049,135.9400024,135.5452728,-0.002718175,0.002002464
2023-01-18,AAPL,136.8200073,138.6100006,135.0299988,135.2100067,134.8173981,-0.0027848,0.001853361
2023-01-19,AAPL,134.0800018,136.25,133.7700043,135.2700043,134.8772278,-0.0025039,0.001765784
2023-01-20,AAPL,135.2799988,138.0200043,134.2200012,137.8699951,137.4696655,-0.001017543,0.00176543
2023-01-23,AAPL,138.1199951,143.3200073,137.8999939,141.1100006,140.7002563,0.0002253,0.001844541
2023-01-24,AAPL,140.3099976,143.1600037,140.3000031,142.5299988,142.1161346,0.000156309,0.001893784
2023-01-25,AAPL,140.8899994,142.4299927,138.8099976,141.8600006,141.4480743,0.000114117,0.001906382
2023-01-26,AAPL,143.1699982,144.25,141.8999939,143.9600067,143.5419922,6.12e-05,0.00196705
2023-01-27,AAPL,143.1600037,147.2299957,143.0800018,145.9299927,145.5062561,0.000291288,0.002024364
2023-01-30,AAPL,144.9600067,145.5500031,142.8500061,143.0,142.5847778,0.000139882,0.00207063
2023-01-31,AAPL,142.6999969,144.3399963,142.2799988,144.2899933,143.8710175,0.002002387,0.00222103
2023-02-01,AAPL,143.9700012,146.6100006,141.3200073,145.4299927,145.0077057,0.002751704,0.002391366
2023-02-02,AAPL,148.8999939,151.1799927,148.1699982,150.8200073,150.3820648,0.004517448,0.002684456
2023-02-03,AAPL,148.0299988,157.3800049,147.8300018,154.5,154.0513763,0.005348402,0.003002033
2023-02-06,AAPL,152.5700073,153.1000061,150.7799988,151.7299957,151.2894287,0.003957126,0.003175952
2023-02-07,AAPL,150.6399994,155.2299957,150.6399994,154.6499939,154.200943,0.005391038,0.003420401
2023-02-08,AAPL,153.8800049,154.5800018,151.1699982,151.9199982,151.4788818,0.004895884,0.003588746
2023-02-09,AAPL,153.7799988,154.3300018,150.4199982,150.8699951,150.4319153,0.005128109,0.003709412
2023-02-10,AAPL,149.4600067,151.3399963,149.2200012,151.0099945,150.8014069,0.006232824,0.003832123
2023-02-13,AAPL,150.9499969,154.2599945,150.9199982,153.8500061,153.6374969,0.005915571,0.003918769
2023-02-14,AAPL,152.1199951,153.7700043,150.8600006,153.1999969,152.9883881,0.005692444,0.003975132
2023-02-15,AAPL,153.1100006,155.5,152.8800049,155.3300018,155.115448,0.007402715,0.004006403
2023-02-16,AAPL,153.5099945,156.3300018,153.3500061,153.7100067,153.4976959,0.006711261,0.003963386
2023-02-17,AAPL,152.3500061,153.0,150.8500061,152.5500031,152.3392944,0.006813193,0.003901846
2023-02-21,AAPL,150.1999969,151.3000031,148.4100037,148.4799957,148.2749023,0.004697394,0.003765092
2023-02-22,AAPL,148.8699951,149.9499969,147.1600037,148.9100037,148.7043152,0.004657635,0.003590259
2023-02-23,AAPL,150.0899963,150.3399963,147.2400055,149.3999939,149.193634,0.004618771,0.003430415
2023-02-24,AAPL,147.1100006,147.1900024,145.7200012,146.7100067,146.5073547,0.003314854,0.00331441
2023-02-27,AAPL,147.7100067,149.1699982,147.4499969,147.9199982,147.715683,0.00360975,0.00322004
2023-02-28,AAPL,147.0500031,149.0800018,146.8300018,147.4100037,147.2063904,0.003157517,0.003034785
2023-03-01,AAPL,146.8300018,147.2299957,145.0099945,145.3099976,145.1092834,0.002390772,0.002842455
2023-03-02,AAPL,144.3800049,146.7100067,143.8999939,145.9100037,145.7084656,0.00270741,0.002616258
2023-03-03,AAPL,148.0399933,151.1100006,147.3300018,151.0299988,150.8213806,0.003862285,0.002375287
2023-03-06,AAPL,153.7899933,156.3000031,153.4600067,153.8300018,153.6175232,0.003839576,0.002215124
2023-03-07,AAPL,153.6999969,154.0299988,151.1300049,151.6000061,151.3906097,0.002573013,0.00212839
2023-03-08,AAPL,152.8099976,153.4700012,151.8300018,152.8699951,152.658844,0.002516818,0.00203182
2023-03-09,AAPL,153.5599976,154.5399933,150.2299957,150.5899963,150.3819885,0.002176356,0.001933808
2023-03-10,AAPL,150.2100067,150.9400024,147.6100006,148.5,148.2948761,0.001220284,0.001864549
2023-03-13,AAPL,147.8099976,153.1399994,147.6999969,150.4700012,150.2621613,0.001206343,0.00180928
2023-03-14,AAPL,151.2799988,153.3999939,150.1000061,152.5899963,152.3792267,0.002345249,0.001688581
2023-03-15,AAPL,151.1900024,153.25,149.9199982,152.9900055,152.7786865,0.002131936,0.001683308
2023-03-16,AAPL,152.1600037,156.4600067,151.6399994,155.8500061,155.6347351,0.002491712,0.001690925
2023-03-17,AAPL,156.0800018,156.7400055,154.2799988,155.0,154.7859039,0.001074493,0.001773007
2023-03-20,AAPL,155.0700073,157.8200073,154.1499939,157.3999939,157.1825867,0.000777291,0.0018425
2023-03-21,AAPL,157.3200073,159.3999939,156.5399933,159.2799988,159.0599823,0.00177305,0.001878212
2023-03-22,AAPL,159.3000031,162.1399994,157.8099976,157.8300018,157.6119995,0.000828115,0.001921708
2023-03-23,AAPL,158.8300018,161.5500031,157.6799927,158.9299927,158.7104645,0.001648853,0.001935194
2023-03-24,AAPL,158.8600006,160.3399963,157.8500061,160.25,160.028656,0.002156095,0.001922382
2023-03-27,AAPL,159.9400024,160.7700043,157.8699951,158.2799988,158.0613708,0.001664444,0.001866392
2023-03-28,AAPL,157.9700012,158.4900055,155.9799957,157.6499939,157.4322357,0.000904873,0.00183892
2023-03-29,AAPL,159.3699951,161.0500031,159.3500061,160.7700043,160.5479431,0.001705398,0.00178326
2023-03-30,AAPL,161.5299988,162.4700012,161.2700043,162.3600006,162.1357422,0.001571613,0.001581885
2023-03-31,AAPL,162.4400024,165.0,161.9100037,164.8999939,164.672226,0.002440731,0.001389358
2023-04-03,AAPL,164.2700043,166.2899933,164.2200012,166.1699982,165.9404755,0.00294901,0.001138097
2023-04-04,AAPL,166.6000061,166.8399963,165.1100006,165.6300049,165.4012299,0.003730018,0.001084175
2023-04-05,AAPL,164.7400055,165.0500031,161.8000031,163.7599945,163.5337982,0.003257139,0.001011386
2023-04-06,AAPL,162.4299927,164.9600067,162.0,164.6600037,164.4325562,0.003330649,0.00093653
2023-04-10,AAPL,161.4199982,162.0299988,160.0800018,162.0299988,161.8061829,0.003398415,0.000939735
2023-04-11,AAPL,162.3500061,162.3600006,160.5099945,160.8000031,160.5778961,0.002870459,0.000913941
2023-04-12,AAPL,161.2200012,162.0599976,159.7799988,160.1000061,159.8788605,0.002840277,0.000905352
2023-04-13,AAPL,161.6300049,165.8000031,161.4199982,165.5599976,165.3313141,0.004451934,0.000988485
2023-04-14,AAPL,164.5899963,166.3200073,163.8200073,165.2100067,164.9818115,0.004243829,0.001045877
2023-04-17,AAPL,165.0899963,165.3899994,164.0299988,165.2299957,165.00177,0.003078194,0.001017469
2023-04-18,AAPL,166.1000061,167.4100037,165.6499939,166.4700012,166.2400665,0.002710371,0.000981607
2023-04-19,AAPL,165.8000031,168.1600037,165.5399933,167.6300049,167.398468,0.003425862,0.001000881
2023-04-20,AAPL,166.0899963,167.8699951,165.5599976,166.6499939,166.4197998,0.002951743,0.001006306
2023-04-21,AAPL,165.0500031,166.4499969,164.4900055,165.0200043,164.7920685,0.003122869,0.001014554
2023-04-24,AAPL,165.0,165.6000061,163.8899994,165.3300018,165.1016388,0.003648112,0.001013207
2023-04-25,AAPL,165.1900024,166.3099976,163.7299957,163.7700043,163.5437927,0.002891388,0.000985875
2023-04-26,AAPL,163.0599976,165.2799988,162.8000031,163.7599945,163.5337982,0.002419713,0.000985443
2023-04-27,AAPL,165.1900024,168.5599976,165.1900024,168.4100037,168.1773834,0.003278839,0.000990912
2023-04-28,AAPL,168.4900055,169.8500061,167.8800049,169.6799927,169.4456177,0.002907073,0.000992423
2023-05-01,AAPL,169.2799988,170.4499969,168.6399994,169.5899963,169.3557434,0.003071193,0.000952626
2023-05-02,AAPL,170.0899963,170.3500061,167.5399933,168.5399933,168.3071899,0.002348684,0.000885933
2023-05-03,AAPL,169.5,170.9199982,167.1600037,167.4499969,167.2187042,0.001734974,0.000887364
2023-05-04,AAPL,164.8899994,167.0399933,164.3099976,165.7899933,165.5609894,0.001707971,0.000835738
2023-05-05,AAPL,170.9799957,174.3000031,170.7599945,173.5700073,173.3302612,0.003039889,0.000810831
2023-05-08,AAPL,172.4799957,173.8500061,172.1100006,173.5,173.2603455,0.002749588,0.000801894
2023-05-09,AAPL,173.0500031,173.5399933,171.6000061,171.7700043,171.5327454,0.002826995,0.000771914
2023-05-10,AAPL,173.0200043,174.0299988,171.8999939,173.5599976,173.3202667,0.003307035,0.000682173
2023-05-11,AAPL,173.8500061,174.5899963,172.1699982,173.75,173.5100098,0.002683834,0.000643731
2023-05-12,AAPL,173.6199951,174.0599976,171.0,172.5700073,172.5700073,0.002173586,0.000607099
2023-05-15,AAPL,173.1600037,173.2100067,171.4700012,172.0700073,172.0700073,0.001555534,0.000654214
2023-05-16,AAPL,171.9900055,173.1399994,171.8000031,172.0700073,172.0700073,0.001298812,0.000720874
2023-05-17,AAPL,171.7100067,172.9299927,170.4199982,172.6900024,172.6900024,0.001527238,0.000745377
2023-05-18,AAPL,173.0,175.2400055,172.5800018,175.0500031,175.0500031,0.002359119,0.000745597
2023-05-19,AAPL,176.3899994,176.3899994,174.9400024,175.1600037,175.1600037,0.00219687,0.000746426
2023-05-22,AAPL,173.9799957,174.7100067,173.4499969,174.1999969,174.1999969,0.00254659,0.000737478
2023-05-23,AAPL,173.1300049,173.3800049,171.2799988,171.5599976,171.5599976,0.00229446,0.000741245
2023-05-24,AAPL,171.0899963,172.4199982,170.5200043,171.8399963,171.8399963,0.002493971,0.000741892
2023-05-25,AAPL,172.4100037,173.8999939,171.6900024,172.9900055,172.9900055,0.00158026,0.00069183
2023-05-26,AAPL,173.3200073,175.7700043,173.1100006,175.4299927,175.4299927,0.002120885,0.000623729
